# SEA design per activity and condition, derived from Camargo et al. (2021), J. Biomech. 119:110320, CC BY 4.0. Aggregate across subjects.
activity,condition,n_subjects,n_strides,stride_time_s,peak_torque_Nm,net_work_J,positive_work_J,feasible,stiffness_Nm_per_rad,ratio,energy_J,energy_no_regen_J,peak_current_A,rms_current_A,peak_voltage_V,binding,rigid_energy_J,rigid_ratio,thermal_feasible
treadmill,0.50 m/s,2,40,1.5716,123.57,-6.1733,13.584,True,371.33,1157.5,-1.8993,18.25,6.4665,3.6322,28.7,none,2.5367,905.64,True
treadmill,0.55 m/s,2,41,1.5233,126.58,-5.4227,15.209,True,336.96,1049.3,0.85985,23.94,7.3691,4.1286,28.55,none,7.5123,688.97,True
treadmill,0.60 m/s,2,43,1.4859,134.51,-4.0104,18.311,True,332.94,1071.6,3.6019,27.289,7.8292,4.36,30.761,none,12.394,651.39,True
treadmill,0.65 m/s,2,68,1.3881,132.89,-5.6401,17.553,True,324.4,992.06,1.5169,27.693,8.9758,4.6043,31.539,none,12.992,546.66,True
treadmill,0.70 m/s,2,46,1.3675,137.98,-2.8445,20.673,True,310.57,985.13,6.8918,33.489,9.1863,4.9648,32.575,none,22.814,499.04,True
treadmill,0.75 m/s,2,48,1.3413,140.17,-2.1549,21.759,True,309.47,951.19,8.3073,33.913,9.2945,5.2124,34.017,none,26.513,481.85,True
treadmill,0.80 m/s,2,48,1.2874,143.43,-1.6737,23.501,True,308.56,957.88,8.8004,35.733,9.4609,5.2194,34.001,none,28.972,455.57,False
treadmill,0.85 m/s,2,48,1.2933,142.53,-1.0786,24.349,True,292.5,868.33,10.926,35.74,9.9815,5.7457,34.079,voltage,33.825,439.87,False
treadmill,0.90 m/s,2,49,1.2625,146.96,3.6641,27.091,True,286.88,862.26,17.887,41.538,10.451,5.8566,34.2,voltage,44.855,418.81,False
treadmill,0.95 m/s,2,51,1.2103,147.33,3.4585,26.799,True,289.01,820.97,18.501,42.519,10.898,6.2961,34.166,voltage,47.453,401.55,False
treadmill,1.00 m/s,2,53,1.1878,147.65,4.2837,27.464,True,288.1,803.88,20.111,44.363,11.237,6.4617,34.145,voltage,52.342,379.65,False
treadmill,1.05 m/s,2,80,1.1632,149.99,5.1863,29.504,True,279.88,792.68,21.66,47.244,11.527,6.5805,34.2,voltage,57.297,361.47,False
treadmill,1.10 m/s,2,55,1.1309,149.68,6.8829,30.197,True,281.11,776.19,24.292,47.087,11.86,6.7866,34.191,voltage,,,False
treadmill,1.15 m/s,2,56,1.1177,151.58,9.2654,32.238,True,264.12,760.03,27.822,52.562,12.138,6.7998,34.2,voltage,,,False
treadmill,1.20 m/s,2,58,1.0869,153.07,10.684,33.842,True,294.31,770.76,29.569,49.2,12.453,6.9313,34.2,voltage,,,False
treadmill,1.25 m/s,2,59,1.075,152.69,11.98,35.223,True,309.43,708.57,32.77,48.284,13.671,7.4979,34.2,voltage,,,False
treadmill,1.30 m/s,2,59,1.0518,160.12,13.033,37.11,True,292.81,728.72,33.45,55.284,13.561,7.1617,34.2,voltage,,,False
treadmill,1.35 m/s,2,61,1.0341,161.55,16.553,40.119,True,282.08,703.62,39.205,61.81,13.996,7.3858,34.2,voltage,,,False
treadmill,1.40 m/s,2,61,1.0152,160.37,15.415,38.332,True,286.19,728.72,36.717,59.256,13.272,7.1534,34.2,voltage,,,False
treadmill,1.45 m/s,2,94,0.99633,163.78,15.942,40.091,True,295.18,723.63,37.619,61.156,13.527,7.2594,34.2,voltage,,,False
treadmill,1.50 m/s,2,63,0.98564,166.64,17.354,41.691,True,306.97,693.82,40.594,64.037,14.254,7.6393,34.096,voltage,,,False
treadmill,1.55 m/s,2,64,0.9785,167.71,20.417,43.443,True,300.95,679.38,45.051,68.29,14.563,7.6706,34.2,voltage,,,False
treadmill,1.60 m/s,2,65,0.96532,169.45,21.366,44.506,True,310.65,660.59,46.732,69.666,15.085,7.8436,34.152,voltage,,,False
treadmill,1.65 m/s,2,64,0.96516,173.48,22.767,46.353,True,322.68,655.97,49.117,73.095,15.597,7.9348,34.141,voltage,,,False
treadmill,1.70 m/s,2,70,0.9291,171.96,24.226,45.912,True,329.06,594.65,52.981,77.822,17.51,8.6713,34.19,voltage,,,False
treadmill,1.75 m/s,2,72,0.9129,172.67,26.595,47.443,True,344.36,578.2,56.732,78.677,17.989,8.9217,34.2,voltage,,,False
treadmill,1.80 m/s,2,73,0.90095,173.93,28.577,48.624,True,353.56,558.28,60.247,82.962,19.129,9.2036,34.2,voltage,,,False
treadmill,1.85 m/s,2,108,0.89972,174.28,29.083,49.72,True,384.5,574.16,60.394,81.55,18.645,9.0179,34.2,voltage,,,False
treadmill,1.90 m/s,2,74,0.88162,172.62,29.059,48.918,True,397.58,566.17,60.248,81.273,18.832,9.1017,34.2,voltage,,,False
treadmill,1.95 m/s,2,73,0.89266,170.41,31.54,51.013,True,417.14,539.05,65.063,86.492,19.669,9.4114,34.2,voltage,,,False
treadmill,2.00 m/s,2,74,0.87689,168.72,33.248,52.663,True,417.75,516.84,68.318,89.644,20.475,9.7456,34.2,voltage,,,False
treadmill,2.05 m/s,2,75,0.87096,171.26,35.314,53.713,True,425.19,499.04,72.076,92.99,21.589,10.013,34.2,voltage,,,False
levelground,slow,2,3,1.375,113.32,5.2064,20.873,True,243.41,832.56,16.053,32.03,8.3148,4.4641,34.025,none,27.895,475.14,True
levelground,normal,1,8,1.3113,143.57,8.5884,31.759,True,266.24,803.88,24.137,47.659,10.655,5.4829,34.2,voltage,45.969,412.97,False
levelground,fast,1,4,1.0725,164.03,19.638,46.045,True,216.1,499.04,50.389,90.631,20.333,9.1125,34.2,voltage,,,False
rampascent,5.2 deg,2,6,1.2625,111.89,14.817,25.429,True,248.2,792.68,30.165,41.325,9.0571,4.8285,30.533,none,42.342,427.71,True
rampascent,7.8 deg,1,2,1.2475,128.57,21.249,32.453,True,284.22,765.38,41.424,53.452,12.145,5.5757,25.57,none,55.767,410.09,False
rampascent,9.2 deg,1,2,1.21,106.72,20.72,24.4,True,3297.5,404.38,53.223,63.534,19.818,9.1152,34.2,voltage,54.906,385.01,False
rampdescent,5.2 deg,2,11,1.192,144.42,-24.496,30.728,True,182.02,439.87,-5.3832,35.464,21.248,10.498,34.174,voltage,,,False
rampdescent,7.8 deg,2,10,1.18,141.44,-22.706,31.255,True,232.76,607.29,-15.539,24.056,14.547,7.6438,34.2,voltage,,,False
rampdescent,9.2 deg,1,5,1.128,168.65,-26.428,40.004,False,,,,,,,,,,,False
stairascent,4 in,2,11,1.4136,90.33,13.606,16.71,True,312.97,850.26,25.991,32.334,7.516,3.7026,32.094,none,29.306,739.01,True
stairascent,5 in,2,14,1.2444,101.11,21.298,24.059,True,331.29,760.03,39.733,46.991,12.079,4.8942,34.142,voltage,43.529,633.38,True
stairascent,6 in,2,6,1.3775,97.816,22.165,24.533,True,313.04,646.84,40.311,44.382,9.4625,4.5644,34.106,voltage,43.514,611.56,True
stairdescent,4 in,2,11,1.3192,110.22,-31.983,16.135,True,219.8,798.26,-35.339,6.6211,8.8055,4.7777,34.167,voltage,-23.907,516.84,True
stairdescent,5 in,2,12,1.1113,117,-38.285,17.536,True,237.03,546.66,-38.821,9.0789,14.441,7.3046,33.998,none,-25.082,412.97,False
stairdescent,6 in,2,9,1.2112,123.15,-38.835,19.586,True,340.25,880.59,-42.744,10.258,10.089,5.3283,32.012,none,-11.852,364.01,True
